{"receives public assistance": [40.745801452979613, -73.926761502558378], "citizen status unknown": [0, 0], "permanent resident alien": [40.752246103183758, -73.879888615416718], "ethnicity unknown": [40.731303824080072, -73.914338029931926], "gender unknown": [0, 0], "asian non hispanic": [40.705785187702872, -73.969538544704079], "pacific islander": [40.856318928188877, -73.843953072762247], "us citizen": [40.728126329241462, -73.926414098078681], "american indian": [40.832166847539128, -73.90293382301013], "other citizen status": [40.824844311532743, -73.876052436331136], "male": [40.723815072057292, -73.92185385311106], "public assistance unknown": [0, 0], "female": [40.734964660432631, -73.923910411270072], "white non hispanic": [40.662911190204596, -73.948603491955851], "other ethnicity": [40.724848161584994, -73.918365862069635], "black non hispanic": [40.757873539989021, -73.898894692656413], "hispanic latino": [40.791463674712901, -73.900329242074534], "nreceives public assistance": [40.723967191293298, -73.921524740413346], "population": [40.721178537304425, -73.924960875642782]}