{ "citizen status unknown": [0, 0], "permanent resident alien": [40.752246103183758, -73.879888615416718], "us citizen": [40.728126329241462, -73.926414098078681], "other citizen status": [40.824844311532743, -73.876052436331136], "male": [40.723815072057292, -73.92185385311106], "female": [40.734964660432631, -73.923910411270072], "population": [40.721178537304425, -73.924960875642782]}